step,return,length,success
49152,-2.3250046,753.5,1.0
65536,-5.730609,978.1875,0.15625
81920,-4.936514,894.8055555555555,0.25
98304,-3.49354,753.12,0.46
114688,-2.4389286,638.76,0.58
131072,-0.9081601,500.75,0.85
147456,-1.218212,534.05,0.84
163840,-1.4532149,549.44,0.79
180224,-0.97595996,495.39,0.86
196608,-0.96081,491.15,0.84
212992,-0.768559,469.73,0.85
229376,-0.6311099,445.17,0.84
245760,-0.6870601,447.04,0.84
262144,-0.43155992,412.09,0.84
278528,-0.44386056,409.36,0.83
294912,-0.35401094,399.69,0.84
311296,-0.5667141,414.13,0.8
327680,-0.6916637,430.56,0.77
344064,-0.28861016,392.31,0.82
360448,0.004340913,365.39,0.84
376832,0.077990964,355.27,0.85
393216,0.16114151,341.82,0.85
409600,-0.039659284,368.86,0.83
425984,-0.14545956,384.48,0.82
442368,0.22799313,347.05,0.87
458752,0.3757941,331.53,0.89
475136,0.5208941,313.88,0.9
491520,0.42794296,328.4,0.9
507904,0.118191026,361.12,0.86
524288,0.72754484,289.16,0.9
540672,0.62804395,300.83,0.88
557056,0.17289278,356.23,0.86
573440,0.047242478,370.48,0.87
589824,-0.18615983,391.08,0.84
606208,0.23684181,341.06,0.87
622592,0.23819143,336.31,0.85
638976,0.8850448,267.0,0.9
655360,1.3582976,216.98,0.97
671744,1.3030448,216.41,0.92
688128,1.1594954,238.81,0.92
704512,1.2860961,220.03,0.93
720896,0.83759356,269.25,0.87
737280,1.3448955,213.53,0.93
753664,1.6324474,177.63,0.95
770048,1.4932458,195.23,0.93
786432,1.7091479,172.23,0.96
802816,1.5633469,188.85,0.94
819200,1.9069487,149.22,0.98
835584,1.6728492,179.57,0.97
851968,1.9644989,142.61,0.97
868352,2.021449,137.28,0.98
884736,1.9610988,142.58,0.97
901120,1.7355983,171.39,0.96
917504,1.8713479,153.2,0.96
933888,2.2806504,108.63,1.0
950272,2.1423497,122.15,1.0
966656,2.0210984,134.25,0.97
983040,2.0627487,128.49,0.97
999424,2.0463984,130.28,0.97
1015808,2.0260491,133.14,0.98
1032192,2.2661998,104.25,0.99
1048576,2.1306503,122.81,0.99
1064960,2.3740497,90.5,0.99
1081344,2.2783997,104.57,0.99
1097728,2.346799,93.6,0.98
1114112,2.2891989,101.51,0.98
1130496,2.2291486,106.66,0.97
1146880,2.1209986,117.87,0.97
1163264,2.0405474,127.79,0.95
1179648,2.0902984,121.03,0.97
1196032,1.9067969,140.09,0.95
1212416,2.4419994,82.92,0.98
1228800,2.3878994,91.04,0.99
1245184,2.4486496,84.94,1.0
1261568,2.3871992,90.28,0.99
1277952,2.1319475,115.5,0.95
1294336,2.3987494,91.56,1.0
1310720,2.2715487,102.59,0.97
1327104,2.2771995,107.2,1.0
1343488,2.3689492,91.66,0.98
1359872,2.4438004,87.03,1.0
1376256,2.3400998,100.02,0.99
1392640,2.3797,96.04,1.0
1409024,2.4980497,77.85,0.99
1425408,2.3518496,98.45,0.99
1441792,2.375949,92.23,0.97
1458176,2.4573498,84.31,0.99
1474560,2.56885,69.57,1.0
1490944,2.4088488,85.43,0.97
1507328,2.4843988,78.62,0.98
1523712,2.5148997,75.43,0.99
1540096,2.57215,68.9,1.0
1556480,2.6146505,62.39,1.0
1572864,2.5694003,69.0,1.0
1589248,2.478599,76.46,0.99
1605632,2.5489495,71.82,1.0
1622016,2.61505,64.86,1.0
1638400,2.67195,56.82,1.0
1654784,2.2909486,103.8,0.97
1671168,2.6595001,58.73,1.0
1687552,2.5519996,70.78,0.99
1703936,2.5353994,73.36,0.99
1720320,2.5443504,72.61,1.0
1736704,2.6957502,52.59,1.0
1753088,2.4795496,81.34,0.99
1769472,2.4770494,80.46,0.98
1785856,2.55935,72.41,1.0
1802240,2.53855,72.47,0.99
1818624,2.5559494,69.64,0.99
1835008,2.7469497,45.78,1.0
1851392,2.5841498,66.94,0.99
1867776,2.6869004,54.03,1.0
1884160,2.5328496,71.95,0.99
1900544,2.5161,75.3,0.99
1916928,2.4702497,80.66,0.99
1933312,2.5556002,72.4,1.0
1949696,2.66305,57.49,1.0
1966080,2.68195,53.96,1.0
1982464,2.4914994,77.89,1.0
1998848,2.5259,75.75,1.0
2015232,2.4311993,85.07,0.98
2031616,2.6001,67.19,1.0
2048000,2.413449,89.12,0.97
2064384,2.361249,95.45,0.97
2080768,2.66855,54.72,1.0
2097152,2.5906997,67.55,0.99
2113536,2.7076004,50.95,1.0
2129920,2.356949,93.19,0.97
2146304,2.5462992,70.36,0.98
2162688,2.6281497,61.08,0.99
2179072,2.418949,85.81,0.97
2195456,2.5908003,66.23,1.0
2211840,2.6103995,64.63,1.0
2228224,2.5910494,65.12,0.99
2244608,2.6864,53.77,1.0
2260992,2.7365003,47.45,1.0
2277376,2.6520498,58.28,0.99
2293760,2.6764002,55.83,1.0
2310144,2.4541492,84.04,0.99
2326528,2.5621493,67.01,0.98
2342912,2.6269498,61.27,0.99
2359296,2.5382504,75.54,1.0
2375680,2.5176497,76.46,0.99
2392064,2.6143997,64.26,0.99
2408448,2.455199,82.41,0.97
2424832,2.5775995,66.04,0.98
2441216,2.6313996,59.75,0.99
2457600,2.6352994,60.7,0.99
2473984,2.7081504,51.58,1.0
2490368,2.6660497,55.78,0.99
2506752,2.7069998,49.89,0.99
2523136,2.5102994,77.1,0.98
2539520,2.6446998,58.92,0.99
2555904,2.5488997,71.35,0.98
2572288,2.6078498,64.86,0.99
2588672,2.6700995,55.59,0.99
2605056,2.530649,73.07,0.99
2621440,2.4798489,79.41,0.99
2637824,2.5921998,66.06,0.99
2654208,2.6671,56.81,1.0
2670592,2.6388004,61.07,1.0
2686976,2.5537496,70.98,0.99
2703360,2.74385,46.89,1.0
2719744,2.6063495,62.32,0.99
2736128,2.6887007,53.04,1.0
2752512,2.7653496,43.82,1.0
2768896,2.7037997,51.4,1.0
2785280,2.5614495,69.64,0.99
2801664,2.6531003,59.24,1.0
2818048,2.6520495,56.88,0.99
2834432,2.5912495,65.97,0.99
2850816,2.6384,60.87,1.0
2867200,2.5120494,74.04,0.98
2883584,2.6842,56.23,1.0
2899968,2.7221498,50.52,1.0
2916352,2.6836493,56.71,1.0
2932736,2.63615,60.45,0.99
2949120,2.7264001,51.08,1.0
2965504,2.5219991,75.64,0.98
2981888,2.5459495,72.67,0.98
2998272,2.4118986,87.51,0.96
3014656,2.7053497,51.42,0.99
3031040,2.6806502,56.93,1.0
3047424,2.6467996,59.97,0.99
3063808,2.5126493,76.95,0.98
3080192,2.4025497,94.17,0.99
3096576,2.510749,78.04,0.99
3112960,2.55755,72.91,1.0
3129344,2.6722496,58.07,0.99
3145728,2.69035,55.7,1.0
3162112,2.7263002,50.29,1.0
3178496,2.4495993,85.06,0.98
3194880,2.70125,54.9,1.0
3211264,2.7249503,49.95,1.0
3227648,2.5866,67.1,0.99
3244032,2.706,51.7,1.0
3260416,2.6742997,54.22,0.99
3276800,2.517549,74.01,0.98
3293184,2.5887496,64.07,0.99
3309568,2.5705993,68.58,0.98
3325952,2.7683506,45.9,1.0
3342336,2.7215,49.45,0.99
3358720,2.7709496,44.95,1.0
3375104,2.7043998,54.89,1.0
3391488,2.77455,45.03,1.0
3407872,2.68075,57.6,1.0
3424256,2.742,49.11,1.0
3440640,2.5775492,67.55,0.98
3457024,2.446649,86.07,0.98
3473408,2.6377993,61.02,0.98
3489792,2.5428495,74.8,0.98
3506176,2.5865993,68.28,0.98
3522560,2.5367498,74.89,0.99
3538944,2.6341505,63.39,1.0
3555328,2.6937497,55.43,0.99
3571712,2.6509504,62.62,1.0
3588096,2.7447,49.18,1.0
3604480,2.554799,74.08,1.0
3620864,2.5611494,69.76,0.98
3637248,2.6160996,65.5,0.99
3653632,2.6582496,59.2,0.99
3670016,2.7672994,46.86,1.0
3686400,2.6437497,62.86,0.99
3702784,2.7454505,48.57,1.0
3719168,2.5936494,67.94,0.99
3735552,2.4350991,88.58,0.98
3751936,2.64515,61.02,0.99
3768320,2.7426002,49.46,1.0
3784704,2.6246994,62.82,0.99
3801088,2.6640997,58.14,0.99
3817472,2.7557998,47.39,1.0
3833856,2.7213004,52.65,1.0
3850240,2.6946495,53.12,0.99
3866624,2.4661493,79.92,0.98
3883008,2.7877002,43.55,1.0
3899392,2.5231986,74.55,0.97
3915776,2.6627,58.11,0.99
3932160,2.6893494,55.15,0.99
3948544,2.6664498,61.07,1.0
3964928,2.7127,52.1,0.99
3981312,2.6424491,62.21,0.99
3997696,2.5717995,71.27,0.99
4014080,2.8189502,39.54,1.0
4030464,2.616299,64.54,0.99
4046848,2.562849,70.79,0.98
4063232,2.6320496,63.14,1.0
4079616,2.6904504,56.15,1.0
4096000,2.3668985,95.87,0.98
4112384,2.6089497,68.63,0.99
4128768,2.6928494,55.23,0.99
4145152,2.5063994,80.51,0.98
4161536,2.6547492,61.21,0.98
4177920,2.6887994,56.32,0.99
4194304,2.4112487,85.91,0.96
4210688,2.4725983,79.74,0.97
4227072,2.7073998,55.79,1.0
4243456,2.6639001,61.35,1.0
4259840,2.7488003,49.28,1.0
4276224,2.7596002,47.88,1.0
4292608,2.7093,54.01,1.0
4308992,2.5905497,66.73,0.99
4325376,2.6645994,60.78,0.99
4341760,2.6087492,62.84,0.98
4358144,2.6230497,65.17,0.99
4374528,2.7573996,45.55,0.99
4390912,2.6332493,62.58,0.98
4407296,2.7108,53.23,1.0
4423680,2.6372993,61.29,0.98
4440064,2.7448502,49.13,1.0
4456448,2.7405999,48.55,0.99
4472832,2.81915,39.37,1.0
4489216,2.774,46.32,1.0
4505600,2.6506991,60.88,0.98
4521984,2.7034497,53.69,0.99
4538368,2.612149,62.28,0.98
4554752,2.7225997,51.58,0.99
4571136,2.6756496,58.48,0.99
4587520,2.7666001,45.96,1.0
4603904,2.82475,38.03,1.0
4620288,2.7310495,50.6,0.99
4636672,2.549199,70.67,0.98
4653056,2.7932005,42.88,1.0
4669440,2.7923002,42.74,1.0
4685824,2.81845,39.72,1.0
4702208,2.6642992,57.11,0.98
4718592,2.7235994,51.46,0.99
4734976,2.7149498,52.23,0.99
4751360,2.83585,37.35,1.0
4767744,2.8463502,36.49,1.0
4784128,2.7714503,46.75,1.0
4800512,2.8045502,42.84,1.0
4816896,2.6478498,61.25,0.98
4833280,2.73515,50.95,1.0
4849664,2.6782997,56.73,0.99
4866048,2.6763494,57.42,0.98
4882432,2.8474002,36.53,1.0
4898816,2.6558998,60.28,0.99
4915200,2.7670503,46.32,1.0
4931584,2.4895988,78.59,0.97
4947968,2.7519,49.03,1.0
4964352,2.7934504,42.34,1.0
4980736,2.7174003,53.03,1.0
4997120,2.8035505,42.94,1.0
5013504,2.83865,38.17,1.0
5029888,2.7986498,43.91,1.0
5046272,2.7983003,42.81,1.0
5062656,2.7937996,44.14,1.0
5079040,2.7865,46.02,1.0
5095424,2.8457,38.28,1.0
5111808,2.7162497,53.94,0.99
5128192,2.7873502,45.4,1.0
5144576,2.7371993,50.42,0.99
5160960,2.7622492,47.45,0.99
5177344,2.8279498,39.94,1.0
5193728,2.8639503,34.98,1.0
5210112,2.8384,39.08,1.0
5226496,2.7923996,44.97,1.0
5242880,2.6892493,55.42,0.98
5259264,2.7807004,45.91,1.0
5275648,2.8137498,40.72,1.0
5292032,2.8043003,41.98,1.0
5308416,2.8702996,33.26,1.0
5324800,2.8149002,40.35,1.0
5341184,2.6949496,56.97,0.99
5357568,2.6998997,53.11,0.99
5373952,2.8080997,42.49,1.0
5390336,2.6230993,63.85,0.99
5406720,2.806,41.7,1.0
5423104,2.8358495,37.59,1.0
5439488,2.83485,39.06,1.0
5455872,2.8022003,41.96,1.0
5472256,2.8373,36.78,1.0
5488640,2.7681,46.43,1.0
5505024,2.7881002,42.99,1.0
5521408,2.7939498,43.36,1.0
5537792,2.6353498,63.7,0.99
5554176,2.7445996,48.38,1.0
5570560,2.7826502,44.55,1.0
5586944,2.7487495,47.64,0.99
5603328,2.8348997,37.36,1.0
5619712,2.8155503,40.53,1.0
5636096,2.7891,43.58,1.0
5652480,2.6984494,55.01,0.99
5668864,2.7169,52.21,1.0
5685248,2.7949996,42.45,1.0
5701632,2.7742496,44.39,0.99
5718016,2.8725502,33.51,1.0
5734400,2.7899003,44.19,1.0
5750784,2.7357495,49.87,0.99
5767168,2.7699494,45.41,0.99
5783552,2.8231504,39.2,1.0
5799936,2.8210998,40.29,1.0
5816320,2.8419998,36.59,1.0
5832704,2.7471998,49.09,0.99
5849088,2.8584504,35.26,1.0
5865472,2.833,37.95,1.0
5881856,2.8312,38.57,1.0
5898240,2.7505002,49.25,1.0
5914624,2.8492506,35.16,1.0
5931008,2.8340502,36.82,1.0
5947392,2.8251505,39.53,1.0
5963776,2.8412504,37.42,1.0
5980160,2.7911005,44.36,1.0
5996544,2.7491498,48.93,1.0
6012928,2.7805002,44.2,1.0
6029312,2.7599494,46.02,0.99
6045696,2.6284995,62.18,0.98
6062080,2.7656503,47.44,1.0
6078464,2.6124995,63.91,0.98
6094848,2.7714503,45.95,1.0
6111232,2.8215504,41.24,1.0
6127616,2.7146003,55.49,1.0
6144000,2.72225,52.54,1.0
6160384,2.83935,36.41,1.0
6176768,2.86065,34.05,1.0
6193152,2.6616004,59.23,0.99
6209536,2.85715,35.36,1.0
6225920,2.7946503,43.13,1.0
6242304,2.7662497,45.06,0.99
6258688,2.883,31.99,1.0
6275072,2.81805,40.45,1.0
6291456,2.8177502,40.56,1.0
6307840,2.7640994,45.59,0.99
6324224,2.81415,41.45,1.0
6340608,2.7839997,42.74,0.99
6356992,2.8541498,35.95,1.0
6373376,2.6844993,55.44,0.98
6389760,2.610649,65.65,0.99
6406144,2.7964501,43.36,1.0
6422528,2.7658503,47.59,1.0
6438912,2.7300506,51.32,1.0
6455296,2.6595495,60.23,0.99
6471680,2.8528504,35.55,1.0
6488064,2.83775,38.26,1.0
6504448,2.80475,42.82,1.0
6520832,2.7598999,46.75,1.0
6537216,2.6750498,58.61,0.99
6553600,2.7308495,50.43,0.99
6569984,2.8296003,38.49,1.0
6586368,2.88155,32.83,1.0
6602752,2.8900504,32.03,1.0
6619136,2.8341002,38.64,1.0
6635520,2.82365,39.5,1.0
6651904,2.8643003,34.27,1.0
6668288,2.8353002,39.59,1.0
6684672,2.7647996,47.82,0.99
6701056,2.8508005,36.48,1.0
6717440,2.7453995,49.8,0.99
6733824,2.8118,41.57,1.0
6750208,2.6622498,61.18,1.0
6766592,2.7217999,53.49,1.0
6782976,2.6617994,58.14,0.98
6799360,2.6314497,65.81,0.99
6815744,2.7897995,42.1,0.99
6832128,2.8744001,32.84,1.0
6848512,2.7955499,43.81,1.0
6864896,2.6660495,58.06,0.98
6881280,2.7449994,49.44,0.99
6897664,2.78955,44.35,1.0
6914048,2.7240996,53.77,0.99
6930432,2.7802503,44.79,1.0
6946816,2.8677497,34.5,1.0
6963200,2.8355997,39.24,1.0
6979584,2.7379498,50.59,1.0
6995968,2.8393,37.54,1.0
7012352,2.8375502,38.2,1.0
7028736,2.8814995,32.03,1.0
7045120,2.6977994,55.34,0.99
7061504,2.6913002,56.69,0.99
7077888,2.6248498,67.56,1.0
7094272,2.8168,40.74,1.0
7110656,2.82525,39.83,1.0
7127040,2.7997494,42.07,0.99
7143424,2.7172494,52.42,0.99
7159808,2.6351993,64.58,0.99
7176192,2.82855,40.19,1.0
7192576,2.6366992,61.86,0.98
7208960,2.8285003,39.29,1.0
7225344,2.7028491,54.02,0.99
7241728,2.7359495,49.63,0.99
7258112,2.77005,46.58,1.0
7274496,2.7700498,46.37,1.0
7290880,2.7558503,47.38,0.99
7307264,2.8429496,38.19,1.0
7323648,2.6168497,65.64,0.99
7340032,2.8485003,36.85,1.0
7356416,2.74365,50.04,0.99
7372800,2.8718,34.44,1.0
7389184,2.74285,52.29,1.0
7405568,2.8538501,36.28,1.0
7421952,2.8363004,38.36,1.0
7438336,2.7502997,49.52,1.0
7454720,2.7865503,43.56,1.0
7471104,2.8611503,34.7,1.0
7487488,2.8580003,35.12,1.0
7503872,2.8298998,38.77,1.0
7520256,2.7549996,46.9,0.99
7536640,2.7978504,43.9,1.0
7553024,2.7659996,45.66,0.99
7569408,2.7786002,46.05,1.0
7585792,2.7173495,51.9,0.99
7602176,2.8387003,38.02,1.0
7618560,2.8584497,36.32,1.0
7634944,2.7369998,51.16,0.99
7651328,2.76785,47.84,0.99
7667712,2.6394491,60.85,0.98
7684096,2.8283498,39.5,1.0
7700480,2.8450003,37.89,1.0
7716864,2.7046998,54.14,0.98
7733248,2.8526,36.08,1.0
7749632,2.8745499,33.43,1.0
7766016,2.84025,37.13,1.0
7782400,2.8471498,37.03,1.0
7798784,2.7961001,45.71,1.0
7815168,2.8415995,38.27,1.0
7831552,2.73315,52.61,1.0
7847936,2.7369995,50.37,0.99
7864320,2.8802001,32.73,1.0
7880704,2.8732002,33.84,1.0
7897088,2.856,35.47,1.0
7913472,2.7743003,46.6,1.0
7929856,2.7856493,44.5,0.99
7946240,2.8106997,42.76,1.0
7962624,2.863,35.19,1.0
7979008,2.8527,37.32,1.0
7995392,2.8805501,31.61,1.0
8011776,2.76495,47.19,1.0
8028160,2.7793493,45.01,0.99
8044544,2.8405502,37.97,1.0
8060928,2.803,43.2,1.0
8077312,2.76435,47.39,0.99
8093696,2.7599502,49.74,1.0
8110080,2.7786496,45.69,0.99
8126464,2.8548498,36.16,1.0
8142848,2.7068496,55.51,0.99
8159232,2.8317995,39.19,1.0
8175616,2.812,42.22,1.0
8192000,2.8583002,35.64,1.0
8208384,2.8113503,43.05,1.0
8224768,2.7474499,51.32,0.99
8241152,2.7886002,43.98,1.0
8257536,2.7897995,42.41,0.99
8273920,2.7498498,50.68,1.0
8290304,2.7811499,44.13,0.99
8306688,2.76225,48.18,1.0
8323072,2.8154004,40.85,1.0
8339456,2.689299,54.97,0.98
8355840,2.8193,40.96,1.0
8372224,2.7516494,47.93,0.99
8388608,2.8095503,41.71,1.0
8404992,2.8585498,33.73,1.0
8421376,2.8535502,35.45,1.0
8437760,2.8134997,41.41,1.0
8454144,2.82185,39.05,1.0
8470528,2.8179002,40.55,1.0
8486912,2.8100498,40.34,1.0
8503296,2.8342001,37.23,1.0
8519680,2.8397,37.18,1.0
8536064,2.8612504,34.66,1.0
8552448,2.7328997,49.45,0.99
8568832,2.78595,44.89,1.0
8585216,2.8637,34.02,1.0
8601600,2.7257998,50.82,0.99
8617984,2.8580503,34.27,1.0
8634368,2.8055499,41.85,1.0
8650752,2.8426502,37.3,1.0
8667136,2.7309496,52.05,1.0
8683520,2.8395503,37.42,1.0
8699904,2.82535,39.78,1.0
8716288,2.86405,34.4,1.0
8732672,2.856,35.14,1.0
8749056,2.72935,52.48,1.0
8765440,2.8518503,35.35,1.0
8781824,2.8277001,39.62,1.0
8798208,2.724,50.52,0.99
8814592,2.8388996,37.11,1.0
8830976,2.85325,35.94,1.0
8847360,2.83385,40.12,1.0
8863744,2.8177001,40.23,1.0
8880128,2.8503501,36.5,1.0
8896512,2.8222003,41.11,1.0
8912896,2.82325,39.15,1.0
8929280,2.7984498,43.46,1.0
8945664,2.82885,39.3,1.0
8962048,2.8289003,38.69,1.0
8978432,2.81705,39.52,1.0
8994816,2.74965,48.09,1.0
9011200,2.846,35.58,1.0
9027584,2.8063505,42.5,1.0
9043968,2.7914503,44.48,1.0
9060352,2.8288004,39.27,1.0
9076736,2.8578498,34.27,1.0
9093120,2.6716995,58.39,0.99
9109504,2.8313003,38.15,1.0
9125888,2.8676505,33.56,1.0
9142272,2.7521,49.8,1.0
9158656,2.8172,41.63,1.0
9175040,2.8500504,36.79,1.0
9191424,2.8504498,36.67,1.0
9207808,2.7573502,49.74,1.0
9224192,2.8569999,35.75,1.0
9240576,2.83385,38.33,1.0
9256960,2.8571503,35.6,1.0
9273344,2.7526495,48.84,0.99
9289728,2.8352005,38.22,1.0
9306112,2.7652001,48.48,1.0
9322496,2.7755003,45.37,1.0
9338880,2.8586,34.71,1.0
9355264,2.8518,36.79,1.0
9371648,2.8365,39.42,1.0
9388032,2.86835,34.15,1.0
9404416,2.7202501,54.16,1.0
9420800,2.8545496,35.46,1.0
9437184,2.7768497,45.43,1.0
9453568,2.8077004,40.72,1.0
9469952,2.84,38.95,1.0
9486336,2.81435,40.81,1.0
9502720,2.7773995,44.39,0.99
9519104,2.764049,45.25,0.99
9535488,2.8835497,31.53,1.0
9551872,2.7939005,43.46,1.0
9568256,2.7953002,43.55,1.0
9584640,2.7919004,43.74,1.0
9601024,2.8364,38.16,1.0
9617408,2.8208,39.74,1.0
9633792,2.7403998,49.52,0.99
9650176,2.8877501,31.45,1.0
9666560,2.7857,45.41,1.0
9682944,2.86025,35.49,1.0
9699328,2.8378503,38.54,1.0
9715712,2.8353999,37.77,1.0
9732096,2.7745004,46.03,1.0
9748480,2.8424497,37.25,1.0
9764864,2.7996,44.2,1.0
9781248,2.7280993,50.19,0.99
9797632,2.8419502,37.78,1.0
9814016,2.7930498,43.03,1.0
9830400,2.8763003,33.65,1.0
9846784,2.7570002,49.93,1.0
9863168,2.73285,51.47,1.0
9879552,2.8225002,40.23,1.0
9895936,2.8379507,38.07,1.0
9912320,2.8035998,41.27,1.0
9928704,2.8180501,41.49,1.0
9945088,2.81405,41.07,1.0
9961472,2.8517501,36.48,1.0
9977856,2.7451997,47.34,0.99
9994240,2.8316498,38.89,1.0
10010624,2.8332005,38.85,1.0
10027008,2.7926502,43.37,1.0
10043392,2.8030999,42.23,1.0
10059776,2.8050501,43.24,1.0
10076160,2.7686503,47.12,1.0
10092544,2.6570992,61.17,0.98
10108928,2.8277,39.27,1.0
10125312,2.78205,44.43,0.99
10141696,2.7054996,55.22,0.99
10158080,2.7174497,53.42,1.0
10174464,2.8335004,39.1,1.0
10190848,2.6810498,58.69,1.0
10207232,2.839,38.36,1.0
10223616,2.8620005,35.06,1.0
10240000,2.8442,38.95,1.0
10256384,2.8585,34.77,1.0
10272768,2.8158503,41.11,1.0
10289152,2.78925,43.54,0.99
10305536,2.8022501,43.48,1.0
10321920,2.82645,39.41,1.0
10338304,2.8766,32.77,1.0
10354688,2.74205,48.54,0.99
10371072,2.7930002,43.4,1.0
10387456,2.742,50.56,1.0
10403840,2.7982001,44.58,1.0
10420224,2.7483492,50.63,1.0
10436608,2.7983997,42.41,1.0
10452992,2.8743505,33.44,1.0
10469376,2.8479004,37.37,1.0
10485760,2.7149494,51.47,0.99
10502144,2.8675501,33.81,1.0
10518528,2.8235502,38.88,1.0
10534912,2.8727005,33.76,1.0
10551296,2.8492002,37.1,1.0
10567680,2.83725,38.46,1.0
10584064,2.7792501,46.38,1.0
10600448,2.8151503,42.31,1.0
10616832,2.78815,46.04,1.0
10633216,2.8256,40.65,1.0
10649600,2.7959995,42.81,0.99
10665984,2.7408,51.09,1.0
10682368,2.79645,44.55,1.0
10698752,2.824,39.87,1.0
10715136,2.7313495,50.9,0.99
10731520,2.8707497,34.44,1.0
10747904,2.8175,40.33,1.0
10764288,2.8371,38.25,1.0
10780672,2.7406497,49.61,0.99
10797056,2.7614996,47.6,0.99
10813440,2.86825,33.66,1.0
10829824,2.8578498,36.85,1.0
10846208,2.7786002,49.05,1.0
10862592,2.7801,47.5,1.0
10878976,2.8098497,42.94,1.0
10895360,2.7325497,54.18,1.0
10911744,2.7454002,49.56,0.99
10928128,2.83775,38.91,1.0
10944512,2.7934997,45.19,1.0
10960896,2.7744,47.23,1.0
10977280,2.8230002,41.38,1.0
10993664,2.86215,35.52,1.0
11010048,2.82295,42.06,1.0
11026432,2.8075998,43.4,1.0
11042816,2.8380997,39.17,1.0
11059200,2.8494499,36.99,1.0
11075584,2.8354998,38.83,1.0
11091968,2.82065,39.96,1.0
11108352,2.82885,40.73,1.0
11124736,2.79965,43.34,1.0
11141120,2.8549,35.74,1.0
11157504,2.7831,47.3,1.0
11173888,2.7725496,46.45,0.99
11190272,2.8360004,39.5,1.0
11206656,2.8303,39.06,1.0
11223040,2.7142498,56.38,1.0
11239424,2.8086503,42.7,1.0
11255808,2.8323503,39.38,1.0
11272192,2.85185,37.29,1.0
11288576,2.8079996,43.2,1.0
11304960,2.8432004,37.42,1.0
11321344,2.7808998,45.95,0.99
11337728,2.8369503,39.47,1.0
11354112,2.8565,36.04,1.0
11370496,2.79795,44.39,1.0
11386880,2.83725,38.74,1.0
11403264,2.72955,52.19,1.0
11419648,2.8607497,36.56,1.0
11436032,2.8239505,40.85,1.0
11452416,2.8487504,37.4,1.0
11468800,2.7648501,49.65,1.0
11485184,2.7881994,46.25,1.0
11501568,2.8466,38.55,1.0
11517952,2.7221994,52.16,0.99
11534336,2.7621,49.14,1.0
11550720,2.7965002,44.47,1.0
11567104,2.8012,45.42,1.0
11583488,2.8790503,33.6,1.0
11599872,2.8411503,38.06,1.0
11616256,2.8738003,34.55,1.0
11632640,2.85005,36.97,1.0
11649024,2.7819498,44.33,0.99
11665408,2.8722498,33.45,1.0
11681792,2.8771496,33.09,1.0
11698176,2.81845,41.34,1.0
11714560,2.8544004,36.48,1.0
11730944,2.8116498,41.09,1.0
11747328,2.789,45.33,1.0
11763712,2.7556999,48.85,1.0
11780096,2.837,38.92,1.0
11796480,2.7621002,46.8,1.0
11812864,2.86815,34.24,1.0
11829248,2.8364499,38.78,1.0
11845632,2.8325999,39.04,1.0
11862016,2.8166502,42.27,1.0
11878400,2.8065002,43.75,1.0
11894784,2.8248506,40.53,1.0
11911168,2.8761497,33.85,1.0
11927552,2.7587497,49.32,1.0
11943936,2.8684504,33.63,1.0
11960320,2.7135992,53.85,0.99
11976704,2.8144007,41.32,1.0
11993088,2.76195,46.13,0.99
12009472,2.7059994,56.11,0.99
12025856,2.8321002,38.5,1.0
12042240,2.84245,38.24,1.0
12058624,2.7170498,52.85,0.99
12075008,2.8627503,33.58,1.0
12091392,2.8294501,39.94,1.0
12107776,2.81765,40.8,1.0
12124160,2.7823997,44.9,0.99
12140544,2.8058505,41.94,1.0
12156928,2.8483999,36.59,1.0
12173312,2.8327498,39.09,1.0
12189696,2.86205,34.86,1.0
12206080,2.646249,61.57,0.98
12222464,2.8357,37.88,1.0
12238848,2.82155,39.09,1.0
12255232,2.8432,38.21,1.0
12271616,2.8263998,39.45,1.0
12288000,2.8748498,32.9,1.0
12304384,2.8337,38.89,1.0
12320768,2.85545,36.58,1.0
12337152,2.6868997,58.78,0.99
12353536,2.8716505,34.23,1.0
12369920,2.8263001,39.82,1.0
12386304,2.8567002,35.26,1.0
12402688,2.8583503,36.28,1.0
12419072,2.8575,35.36,1.0
12435456,2.7860498,45.43,1.0
12451840,2.8144,42.53,1.0
12468224,2.8382,37.83,1.0
12484608,2.7545495,48.95,0.99
12500992,2.8214002,41.85,1.0
12517376,2.7897503,45.02,1.0
12533760,2.7955503,44.26,1.0
12550144,2.8391001,38.36,1.0
12566528,2.8227003,40.57,1.0
12582912,2.78845,45.61,1.0
12599296,2.77835,47.46,1.0
12615680,2.8433006,36.66,1.0
12632064,2.8837004,32.13,1.0
12648448,2.8747,32.72,1.0
12664832,2.7649,48.74,1.0
12681216,2.8660996,34.44,1.0
12697600,2.8280005,39.9,1.0
12713984,2.8006504,43.36,1.0
12730368,2.7993493,42.68,0.99
12746752,2.7239997,52.11,0.99
12763136,2.7952502,44.6,1.0
12779520,2.8148499,41.55,1.0
12795904,2.7619495,47.08,0.99
12812288,2.7906497,41.93,0.99
12828672,2.8249,40.13,1.0
12845056,2.72085,53.99,0.99
12861440,2.8469503,36.83,1.0
12877824,2.8434,37.98,1.0
12894208,2.79095,44.82,1.0
12910592,2.7463,50.29,1.0
12926976,2.6909497,58.67,1.0
12943360,2.8709,33.38,1.0
12959744,2.8522,36.52,1.0
12976128,2.73365,50.39,0.99
12992512,2.8149002,41.26,1.0
13008896,2.8454502,36.3,1.0
13025280,2.7762504,46.68,1.0
13041664,2.8300498,37.91,1.0
13058048,2.8316998,39.53,1.0
13074432,2.8455002,36.31,1.0
13090816,2.8665497,33.72,1.0
13107200,2.8523502,36.13,1.0
13123584,2.7638495,46.53,0.99
13139968,2.8932498,30.64,1.0
13156352,2.7917008,44.81,1.0
13172736,2.8222,39.61,1.0
13189120,2.8362997,36.66,1.0
13205504,2.84085,38.19,1.0
13221888,2.7904005,45.09,1.0
13238272,2.8675,33.94,1.0
13254656,2.7813003,44.73,1.0
13271040,2.8071003,42.11,1.0
13287424,2.81135,42.78,1.0
13303808,2.7859495,44.99,0.99
13320192,2.8252501,39.87,1.0
13336576,2.7853,45.91,1.0
13352960,2.8668003,34.03,1.0
13369344,2.8265002,39.48,1.0
13385728,2.7613492,45.52,0.99
13402112,2.8544,35.89,1.0
13418496,2.83925,37.55,1.0
13434880,2.7849002,44.62,1.0
13451264,2.85995,34.73,1.0
13467648,2.8487997,35.43,1.0
13484032,2.7125995,52.42,0.98
13500416,2.7318997,51.41,0.99
13516800,2.8523498,35.55,1.0
13533184,2.8751001,32.4,1.0
13549568,2.85885,35.2,1.0
13565952,2.7483997,47.98,0.99
13582336,2.8702004,34.66,1.0
13598720,2.7910497,43.27,0.99
13615104,2.8870502,31.49,1.0
13631488,2.6817493,55.28,0.98
13647872,2.89265,30.62,1.0
13664256,2.8527997,36.17,1.0
13680640,2.7019994,54.71,0.99
13697024,2.87435,32.79,1.0
13713408,2.69035,57.84,0.99
13729792,2.78535,43.94,1.0
13746176,2.8607001,34.91,1.0
13762560,2.7874002,45.14,1.0
13778944,2.8065002,42.94,1.0
13795328,2.8381999,38.23,1.0
13811712,2.8232,40.02,1.0
13828096,2.8267999,39.61,1.0
13844480,2.8543007,35.42,1.0
13860864,2.8396003,36.91,1.0
13877248,2.8730497,33.08,1.0
13893632,2.7609994,46.27,0.99
13910016,2.8618,35.34,1.0
13926400,2.8717499,32.66,1.0
13942784,2.7578495,46.67,0.99
13959168,2.8426504,36.66,1.0
13975552,2.84855,35.13,1.0
13991936,2.8746002,32.41,1.0
